{"cameraMode":{"drawMode":0,"name":"Shaded","section":"Shading Mode"},"sceneLighting":false,"audioPlay":false,"sceneViewState":{"m_AlwaysRefresh":false,"showFog":true,"showSkybox":false,"showFlares":true,"showImageEffects":true,"showParticleSystems":true,"showVisualEffectGraphs":true,"m_FxEnabled":true},"in2DMode":false,"pivot":{"x":-0.09555371850728989,"y":0.5459506511688232,"z":-2.5328922271728517},"rotation":{"x":0.2888472378253937,"y":0.5863765478134155,"z":-0.23549865186214448,"w":0.7192175984382629},"size":1.986033320426941,"orthographic":false}