{"cameraMode":{"drawMode":0,"name":"Shaded","section":"Shading Mode"},"sceneLighting":true,"audioPlay":false,"sceneViewState":{"m_AlwaysRefresh":false,"showFog":true,"showSkybox":true,"showFlares":true,"showImageEffects":true,"showParticleSystems":true,"showVisualEffectGraphs":true,"m_FxEnabled":true},"in2DMode":false,"pivot":{"x":0.15638020634651185,"y":-1.5562070608139039,"z":11.550497055053711},"rotation":{"x":0.12520158290863038,"y":0.5544757843017578,"z":-0.08482281118631363,"w":0.8183594346046448},"size":12.897176742553711,"orthographic":false}